emp_id,name,department,salary,join_date
1,Scott Flores,Finance,50790,1/1/2025
2,John Rose,Sales,116681,12/4/2017
3,Cynthia Jackson,Engineering,76107,2/5/2020
4,William Benson,IT,90145,9/22/2016
5,Mary Booker,Engineering,83336,8/31/2023
6,Brenda Figueroa,Finance,107117,10/14/2019
7,April Hernandez,HR,96133,4/23/2024
8,William Gilbert,Sales,35039,8/6/2023
9,Courtney Taylor,Sales,111751,3/30/2025
10,Michael Mata,Sales,77722,3/24/2023
11,Steven Duncan,Sales,83618,8/20/2017
12,April Gonzalez,HR,111145,12/24/2019
13,Ruben Freeman,HR,47305,1/15/2022
14,Jason Williams,Marketing,51599,9/29/2021
15,Emily Smith,Engineering,43055,7/18/2024
16,Mary Wright,HR,60975,11/23/2022
17,Ethan Dean,IT,102227,9/19/2021
18,Ralph Moses,Marketing,82466,10/1/2016
19,Melanie Fox,Finance,37240,12/3/2023
20,John West,Finance,40308,9/4/2022
21,Lisa Freeman,Sales,112402,6/26/2018
22,Travis Mayo,Marketing,75853,9/4/2022
23,Christopher Cole,Engineering,107732,8/21/2023
24,Zachary Graham,IT,39359,9/2/2015
25,Jennifer Adams,Marketing,46517,10/22/2018
26,Brenda Acosta,HR,60082,5/6/2019
27,Dalton Dean,Marketing,85414,5/17/2022
28,Kathy Smith,HR,96966,7/29/2020
29,Carla George,Marketing,51114,7/27/2015
30,Steven Gonzalez,Engineering,65708,4/26/2024
31,Ronald Barrett,Engineering,87767,6/23/2015
32,Zachary Blackwell,IT,79324,11/28/2021
33,Lisa Hill,HR,72084,11/16/2018
34,Logan Carter,HR,42233,6/17/2021
35,Alex Owen,Marketing,97545,4/12/2023
36,Megan Contreras,Marketing,79170,5/26/2016
37,Jeffrey Davis,Marketing,46649,4/16/2021
38,Dawn Moore,Marketing,87000,12/18/2018
39,Jessica Lopez,Engineering,80659,8/8/2021
40,Nicole Hall,IT,47351,11/8/2023
41,Brenda Price,IT,67937,12/1/2022
42,Diana Robinson,Marketing,74933,12/30/2023
43,Miss Ashley Mcdonald,Marketing,30888,12/1/2016
44,Jason David PhD,IT,76480,6/12/2024
45,Marie Craig,Engineering,105861,3/29/2016
46,Jennifer Williams,Marketing,93452,1/7/2016
47,Steve Hess,Marketing,70446,5/26/2021
48,Melinda Cox,HR,33322,3/10/2021
49,Eric Martinez,Finance,110893,1/29/2022
50,Mark Harris,Engineering,55478,12/19/2019
51,Cynthia Ward,Finance,84920,2/16/2016
52,Justin Wagner,Finance,71789,5/23/2024
53,Melissa Calhoun,Finance,108194,11/15/2021
54,Destiny Williams,Finance,73762,3/21/2021
55,Michael Ford,Finance,40737,9/1/2024
56,Theodore Potter,Sales,67201,4/16/2020
57,Louis Castillo,IT,33168,3/13/2021
58,Heather Clements,Finance,65308,11/28/2020
59,Austin Ross,Finance,111389,5/15/2017
60,Justin Johnson,Marketing,102805,1/23/2017
61,Ryan Black,Engineering,76187,8/4/2021
62,Harry Fuller,Sales,78404,10/3/2023
63,Sally Sullivan,HR,116332,10/19/2024
64,Anthony Henry,Sales,92759,1/23/2019
65,Monica Edwards,Sales,77167,2/10/2018
66,Daniel Lee,Sales,75672,6/24/2021
67,Heather Krueger,IT,38565,5/12/2024
68,Makayla Harvey MD,Sales,54384,5/10/2024
69,Erin Washington,HR,82462,6/18/2020
70,Marcus Hernandez,HR,74553,12/19/2024
71,Shane Christensen,HR,97894,3/4/2018
72,Joanne Garrison,HR,102635,2/5/2017
73,Austin Murphy,IT,70586,11/2/2021
74,Amy Adams,IT,97829,3/7/2018
75,Joseph Coleman,HR,91715,2/2/2023
76,Amy Lewis,Finance,76328,2/4/2016
77,Ashley Barnes,Engineering,95964,2/2/2016
78,Kyle Schultz,Finance,50028,8/27/2019
79,Christine Martin,Engineering,44752,10/31/2016
80,James Guerra,Finance,42011,4/2/2024
81,Ronnie Escobar,Engineering,97853,8/17/2019
82,Mary Bartlett,IT,112110,8/19/2022
83,Michael Morris,Engineering,110993,4/1/2017
84,Mary Conner,Engineering,118085,6/17/2020
85,Ryan Smith,HR,88908,11/17/2017
86,Jean Simpson,Finance,81614,7/31/2019
87,Brian Bell,HR,81756,8/17/2020
88,Tiffany Hughes,Marketing,90581,12/5/2017
89,Manuel Taylor,Finance,94304,10/21/2015
90,Jeffrey Richmond,Marketing,91386,5/9/2018
91,Stephen Forbes,Sales,114656,7/20/2018
92,Sandra Flores,Marketing,81951,10/3/2021
93,Diana Wood,Finance,86620,5/12/2018
94,Mrs. Kaitlin Holmes MD,Sales,43711,6/29/2017
95,Paul Grant,Engineering,111881,4/11/2018
96,Julie Hines,Finance,115316,4/23/2024
97,Claudia Harris,IT,105155,7/6/2022
98,Alexander Ruiz,Marketing,98121,12/27/2016
99,Zachary Bradshaw,Sales,74517,2/7/2021
100,Patrick Norris,Marketing,69274,10/16/2023
101,Scott Flores,Finance,50790,1/1/2025
102,John Rose,Sales,116681,12/4/2017
103,Cynthia Jackson,Engineering,76107,2/5/2020
104,William Benson,IT,90145,9/22/2016
105,Mary Booker,Engineering,83336,8/31/2023
106,Brenda Figueroa,Finance,107117,10/14/2019
107,April Hernandez,HR,96133,4/23/2024
108,William Gilbert,Sales,35039,8/6/2023
109,Courtney Taylor,Sales,111751,3/30/2025
110,Michael Mata,Sales,77722,3/24/2023
111,Steven Duncan,Sales,83618,8/20/2017
112,April Gonzalez,HR,111145,12/24/2019
113,Ruben Freeman,HR,47305,1/15/2022
114,Jason Williams,Marketing,51599,9/29/2021
115,Emily Smith,Engineering,43055,7/18/2024
116,Mary Wright,HR,60975,11/23/2022
117,Ethan Dean,IT,102227,9/19/2021
118,Ralph Moses,Marketing,82466,10/1/2016
119,Melanie Fox,Finance,37240,12/3/2023
120,John West,Finance,40308,9/4/2022
121,Lisa Freeman,Sales,112402,6/26/2018
122,Travis Mayo,Marketing,75853,9/4/2022
123,Christopher Cole,Engineering,107732,8/21/2023
124,Zachary Graham,IT,39359,9/2/2015
125,Jennifer Adams,Marketing,46517,10/22/2018
126,Brenda Acosta,HR,60082,5/6/2019
127,Dalton Dean,Marketing,85414,5/17/2022
128,Kathy Smith,HR,96966,7/29/2020
129,Carla George,Marketing,51114,7/27/2015
130,Steven Gonzalez,Engineering,65708,4/26/2024
131,Ronald Barrett,Engineering,87767,6/23/2015
132,Zachary Blackwell,IT,79324,11/28/2021
133,Lisa Hill,HR,72084,11/16/2018
134,Logan Carter,HR,42233,6/17/2021
135,Alex Owen,Marketing,97545,4/12/2023
136,Megan Contreras,Marketing,79170,5/26/2016
137,Jeffrey Davis,Marketing,46649,4/16/2021
138,Dawn Moore,Marketing,87000,12/18/2018
139,Jessica Lopez,Engineering,80659,8/8/2021
140,Nicole Hall,IT,47351,11/8/2023
141,Brenda Price,IT,67937,12/1/2022
142,Diana Robinson,Marketing,74933,12/30/2023
143,Miss Ashley Mcdonald,Marketing,30888,12/1/2016
144,Jason David PhD,IT,76480,6/12/2024
145,Marie Craig,Engineering,105861,3/29/2016
146,Jennifer Williams,Marketing,93452,1/7/2016
147,Steve Hess,Marketing,70446,5/26/2021
148,Melinda Cox,HR,33322,3/10/2021
149,Eric Martinez,Finance,110893,1/29/2022
150,Mark Harris,Engineering,55478,12/19/2019
151,Cynthia Ward,Finance,84920,2/16/2016
152,Justin Wagner,Finance,71789,5/23/2024
153,Melissa Calhoun,Finance,108194,11/15/2021
154,Destiny Williams,Finance,73762,3/21/2021
155,Michael Ford,Finance,40737,9/1/2024
156,Theodore Potter,Sales,67201,4/16/2020
157,Louis Castillo,IT,33168,3/13/2021
158,Heather Clements,Finance,65308,11/28/2020
159,Austin Ross,Finance,111389,5/15/2017
160,Justin Johnson,Marketing,102805,1/23/2017
161,Ryan Black,Engineering,76187,8/4/2021
162,Harry Fuller,Sales,78404,10/3/2023
163,Sally Sullivan,HR,116332,10/19/2024
164,Anthony Henry,Sales,92759,1/23/2019
165,Monica Edwards,Sales,77167,2/10/2018
166,Daniel Lee,Sales,75672,6/24/2021
167,Heather Krueger,IT,38565,5/12/2024
